provider_npi,provider_last_org_name,provider_type,total_medicare_payments
1629407069,"Exact Sciences Laboratories, Llc",Clinical Laboratory,306357782.68
1538144910,Laboratory Corporation Of America Holdings,Clinical Laboratory,224401135.70
1184045619,"Guardant Health, Inc.",Clinical Laboratory,209629238.98
1558672279,"Natera, Inc.",Clinical Laboratory,195576230.93
1063497451,Laboratory Corporation Of America Holdings,Clinical Laboratory,158427294.16
1740733708,"Tempus Ai, Inc.",Clinical Laboratory,147999686.30
1003053851,Jeng,Internal Medicine,123043006.28
1689607384,Caredx Inc.,Clinical Laboratory,120554389.66
1932145778,Quest Diagnostics Incorporated,Clinical Laboratory,118167368.92
1891731626,Quest Diagnostics Clinical Laboratories Inc,Clinical Laboratory,113315337.36
1013973866,"Caris Mpi, Inc.",Clinical Laboratory,112478136.87
1710130539,"Irhythm Technologies, Inc.",Independent Diagnostic Testing Facility (IDTF),110952273.01
1427320399,"Cardionet, Llc.",Independent Diagnostic Testing Facility (IDTF),99832029.93
1770833121,Veracyte Labs Sd Corporation,Clinical Laboratory,99125470.72
1366479099,Unilab Corporation,Clinical Laboratory,95875796.12
1215003603,"Genomic Health, Inc.",Clinical Laboratory,95731419.00
1235671884,"Cernostics, Inc.",Clinical Laboratory,87179918.00
1952519696,Safeway Inc,Centralized Flu,85679241.28
1063414258,"Boston Scientific Cardiac Diagnostic Services, Llc",Independent Diagnostic Testing Facility (IDTF),84637273.47
1407855240,"Rocky Mountain Holdings, Llc",Ambulance Service Provider,82174660.80
1881629079,Denmark,Family Practice,81646546.97
1174092035,Reyes Chouza,Nurse Practitioner,81095661.10
1669736427,Kapadia,General Surgery,77336540.62
1720688054,"Foundation Medicine, Inc.",Clinical Laboratory,75940506.93
1770734253,"Castle Biosciences, Inc",Clinical Laboratory,74175514.11
1609051853,Pandey,Nephrology,70435723.49
1831709740,Yukee,Nurse Practitioner,68952027.41
1669484473,"Myriad Genetic Laboratories, Inc.",Clinical Laboratory,68201378.71
1134277494,"Bioreference Health, Llc",Clinical Laboratory,67041893.44
1659352276,Laboratory Corporation Of America,Clinical Laboratory,66728213.59
1295726032,Laboratory Corporation Of America Holdings,Clinical Laboratory,61168947.41
1124725817,Prince Laboratories Limited Liability Company,Clinical Laboratory,60217816.02
1316058217,Vaxcare Llc,Centralized Flu,60068612.01
1538105366,Sonora Quest Laboratories Llc,Clinical Laboratory,59439874.97
1699795500,Walgreen Co,Centralized Flu,56926466.81
1932184322,Laboratory Corporation Of America Holdings,Clinical Laboratory,55636042.00
1932166386,Quest Diagnostics Clinical Laboratories Inc,Clinical Laboratory,55551632.89
1417915653,Accredo Health Group Inc,Pharmacy,54219102.92
1861568784,Ambry Genetics Corporation,Clinical Laboratory,52841770.39
1366543795,Northwell Health Laboratories,Clinical Laboratory,51131047.33
1194769497,"Clinical Pathology Laboratories, Inc.",Clinical Laboratory,48314814.17
1689639544,"Healthtrackrx Indiana, Inc",Clinical Laboratory,48113284.61
1619913449,Unilab Corporation,Clinical Laboratory,47387304.76
1790721538,Quest Diagnostics Clinical Laboratories Inc,Clinical Laboratory,47366362.21
1255314704,Laboratory Corporation Of America,Clinical Laboratory,46546716.98
1609812445,Labone Llc,Clinical Laboratory,45727406.71
1740262880,Laboratory Corporation Of America,Clinical Laboratory,45519312.38
1447437355,Neogenomics Laboratories Inc,Clinical Laboratory,44617235.95
1518903350,Quest Diagnostics Clinical Laboratories Inc,Clinical Laboratory,44241424.11
1215678495,Charles,Nurse Practitioner,43726452.66
1518111426,Myers,Physician Assistant,42629836.78
1013525286,American Premier Labs,Clinical Laboratory,42475239.20
1821442666,Powell,General Practice,42104273.99
1881630614,Quest Diagnostics Llc Il,Clinical Laboratory,41895319.27
1376521773,Chess,Geriatric Medicine,41462111.42
1134438427,"Veracyte, Inc.",Clinical Laboratory,41112357.20
1043344435,"Biotheranostics, Inc.",Clinical Laboratory,40388274.78
1316943566,"Acadian Ambulance Service, Inc.",Ambulance Service Provider,39914322.51
1750944526,"Silverpath, Inc.",Clinical Laboratory,39530624.80
1316206220,Invitae Corporation,Clinical Laboratory,38916765.67
1700865094,Symphony Diagnostic Services No 1 Llc,Portable X-Ray Supplier,38535593.10
1962465047,Weber,Gastroenterology,36948168.36
1508105024,Adaptive Biotechnologies Corporation,Clinical Laboratory,36368347.60
1629046669,Jenson,Podiatry,35823626.21
1700341427,Vasquez,Nurse Practitioner,35591995.19
1265418669,Laboratory Corporation Of America,Clinical Laboratory,35054113.82
1386837367,Life Flight Network Llc,Ambulance Service Provider,35044440.66
1053996785,Perri,Physician Assistant,34587334.85
1710519665,Castillo Madrigal,Nurse Practitioner,33797913.07
1336209345,Angeles,Plastic and Reconstructive Surgery,33460210.49
1639879034,Reliable Results Labs Inc,Clinical Laboratory,32374703.11
1699782722,Aegis Sciences Corporation,Clinical Laboratory,31775734.78
1326104613,Quest Diagnostics Clinical Laboratories Inc,Clinical Laboratory,31135096.10
1235363052,"Assurex Health, Inc.",Clinical Laboratory,31060568.14
1720359698,"Mdxhealth, Inc.",Clinical Laboratory,30493427.36
1356432140,Albertsons Llc,Centralized Flu,30424449.32
1023720778,Unity Holding Groups Llc,Clinical Laboratory,30188678.40
1376587113,"Sunrise Medical Laboratories, Inc.",Clinical Laboratory,30095645.59
1194062448,Quest Diagnostics Massachusetts Llc,Clinical Laboratory,29051049.54
1669566626,American Drug Stores Llc,Centralized Flu,28814058.08
1659869881,Byers,Nurse Practitioner,27294302.07
1992821797,Lee,Dermatology,27262566.29
1134439573,Star Laboratory,Clinical Laboratory,27241608.21
1174182760,Kinds,Nurse Practitioner,27060092.24
1902008170,Blasini,Pathology,27044764.97
1679001564,Hassan,Podiatry,27011321.10
1881679751,Laboratory Corporation Of America,Clinical Laboratory,26963007.57
1558623793,Nye,General Surgery,26910916.57
1760707582,Brewster Ambulance Service Inc.,Ambulance Service Provider,26703184.30
1952347791,Quest Diagnostics Llc,Clinical Laboratory,26607240.82
1225633753,Gorton,Nurse Practitioner,26081481.23
1851316434,Gutstein,Family Practice,26065129.79
1447323118,Tulsyan,Vascular Surgery,25881840.73
1770830606,Cardiac Imaging Inc,Independent Diagnostic Testing Facility (IDTF),25868607.21
1740662147,Baharloo,Podiatry,25791401.58
1235627597,Jacobs,Nurse Practitioner,25702866.84
1013998921,"Caremark, L.L.C.",Pharmacy,25489695.63
1235186800,"Pathgroup Labs, Llc",Clinical Laboratory,25305575.90
1245307818,Quest Diagnostics Incorporated Md,Clinical Laboratory,25018696.69
1841489440,Azad,General Practice,24972623.67
1659532927,Hedrick,Internal Medicine,24725968.55
1700848355,Piasecki,Plastic and Reconstructive Surgery,24711558.56
1255987475,Denny,Nurse Practitioner,24496892.05
1871991125,Midwest Medical Transport Company Llc,Ambulance Service Provider,24473655.00
1073599478,Laboratory Corporation Of America,Clinical Laboratory,24069212.74
1265542765,Seniorcare Emergency Medical Services Inc.,Ambulance Service Provider,24069103.08
1639713787,"Biodesix, Inc.",Clinical Laboratory,24006973.65
1932849049,Uy,Nurse Practitioner,23918185.23
1568791010,Yalamuri,Internal Medicine,23877093.62
1427372333,Limperos,Podiatry,23592942.25
1295791838,Rambacher,Podiatry,22749538.62
1891791703,Gautam,Internal Medicine,22740984.71
1245934967,Castillo,Physician Assistant,22612938.04
1225110497,"Accu Reference Medical Lab, Llc",Clinical Laboratory,22578048.15
1508594136,Cap Diagnostics Llc,Clinical Laboratory,22403466.10
1336149426,Cochlear Americas,All Other Suppliers,22355694.67
1902544240,Okoro,Physician Assistant,22310115.31
1154884351,Ayouby,Internal Medicine,22183004.55
1154462026,Quality Assured Services Inc.,All Other Suppliers,22168883.74
1558621003,Hajhosseini,General Surgery,22003426.08
1710750211,Gentox Clinical Solution Inc,Clinical Laboratory,21946459.38
1285603639,Nguyen,Hematology-Oncology,21518268.73
1659355170,Brennan,Infectious Disease,21478914.53
1275995649,Goldberg,Family Practice,21259913.20
1336420140,"Mdinr, Llc",Independent Diagnostic Testing Facility (IDTF),21190987.82
1821442237,Ahmed,Podiatry,21042975.42
1619657392,Sierra Genomics Inc,Clinical Laboratory,21000571.35
1598315574,Centers Lab Nj Llc,Clinical Laboratory,21000362.46
1699769075,Steinberg,Podiatry,20677147.03
1265854855,"Genetic Technological Innovations, Llc",Clinical Laboratory,20674789.37
1083715460,New York City Health And Hospitals Corporation,Ambulance Service Provider,20625627.68
1710064811,"A2cl Services, Llc",Clinical Laboratory,20557884.06
1043410871,Feramisco,Dermatology,20534191.69
1942559703,Mills,Physician Assistant,20462496.44
1952575342,Kohanzadeh,Plastic and Reconstructive Surgery,20441633.50
1275776049,Warrow,Ophthalmology,20418757.52
1457977209,Genview Diagnosis Inc,Clinical Laboratory,20378241.95
1497933162,"Millennium Health, Llc",Clinical Laboratory,20241837.77
1134169535,Reach Air Medical Services Llc,Ambulance Service Provider,20225751.08
1447843750,Pro Diametrics Corp,Clinical Laboratory,20045159.99
1639131436,Falck Mobile Health Corp,Ambulance Service Provider,19696140.08
1831205517,Bandlien,General Surgery,19689432.63
1366968224,Ocean Diagnostics Llc,Clinical Laboratory,19524548.16
1699744367,Storheim,Anesthesiology,19352655.11
1679520571,County Of Pinellas Board Of County Commissioners,Ambulance Service Provider,19277271.42
1396437638,"Watson Dx, Inc.",Clinical Laboratory,19194802.66
1295719441,Wolf,Physician Assistant,19191190.50
1184131104,Garcia Gonzalez,General Practice,19067746.82
1992215792,Harney,Nurse Practitioner,19051150.69
1518713072,Labcorp Genetics Inc,Clinical Laboratory,18895815.87
1558717827,"Concord Life Sciences, Llc",Clinical Laboratory,18796316.12
1043256886,Quest Diagnostics Incorporated,Clinical Laboratory,18610996.13
1336107838,"Superior Air-Ground Ambulance Service, Inc",Ambulance Service Provider,18541125.10
1275217952,Palacios,Nurse Practitioner,18488083.47
1750676870,Acadian Ambulance Service Of Texas Llc,Ambulance Service Provider,18485880.42
1205834769,"Cblpath, Inc",Clinical Laboratory,18463392.08
1083789564,City Of Los Angeles,Ambulance Service Provider,18455528.22
1104569730,Neva Diagnostics,Clinical Laboratory,18385255.61
1518975002,Leal,General Practice,18349284.57
1356645972,Tesar,Nurse Practitioner,18318495.15
1316966575,Sedrak,Micrographic Dermatologic Surgery,18243493.52
1952715294,Adebayo,Nurse Practitioner,18192508.35
1174718134,Park,Internal Medicine,17986379.06
1023311040,Dubin,General Practice,17862370.31
1750464111,Sedrak,General Surgery,17849288.54
1760418370,"Alere Home Monitoring, Inc.",Independent Diagnostic Testing Facility (IDTF),17805403.61
1427060888,Fried,Podiatry,17733940.00
1912683814,"Bdx Solutions, Inc.",Independent Diagnostic Testing Facility (IDTF),17383806.94
1134389364,Sandhu,Dermatology,17383240.81
1447591714,Ganz,Internal Medicine,17332772.20
1790167856,Johnson,Nurse Practitioner,17302997.46
1417705153,Appolo Precision Llc,Clinical Laboratory,17274057.24
1508874439,Licata,Osteopathic Manipulative Medicine,17117185.93
1356746267,Red Chip Of Nevada,Pharmacy,17048913.74
1831112416,Nicodemo,Physician Assistant,16906700.80
1609826304,Interpace Diagnostics Corporation,Clinical Laboratory,16904057.58
1235123142,Mehrany,Micrographic Dermatologic Surgery,16857998.52
1033657937,Smith-Litchfield,Nurse Practitioner,16712619.44
1295754695,Pollard,Family Practice,16669904.38
1528210333,Futrell,Physician Assistant,16578438.34
1780834630,Ahuja,Plastic and Reconstructive Surgery,16507736.86
1154373397,Sreerama,Internal Medicine,16450972.41
1205098696,Tran,Dermatology,16412752.97
1255832002,Austin,Nurse Practitioner,16279307.37
1407471550,"Vital Connect, Inc",Independent Diagnostic Testing Facility (IDTF),16127889.65
1427595354,E-Lab Of Florida Inc.,Clinical Laboratory,16125328.73
1003133984,Cardenas,Nurse Practitioner,15935102.37
1528653334,Reliance Diagnostics Llc,Clinical Laboratory,15889668.87
1164813531,Oduardo Victoria,Nurse Practitioner,15883758.38
1629392568,Cazzell,Podiatry,15860351.64
1386627966,Orthopaedic Hospital,Pharmacy,15830845.77
1861162455,Mjsg Llc,Clinical Laboratory,15793069.75
1720409154,"Patients Choice Laboratories Of Indiana, Llc",Clinical Laboratory,15686021.99
1588676407,Bhakta,Internal Medicine,15498888.45
1023617735,Curtis,Nurse Practitioner,15491913.00
1982665337,Buroker,Medical Oncology,15453617.02
1326482712,Classic Air Care Llc,Ambulance Service Provider,15288620.20
1043087182,Hyde,Nurse Practitioner,15277998.30
1043382302,"Procare Pharmacy Direct, Llc.",Pharmacy,15270150.57
1124527734,Amador Jimenez,Nurse Practitioner,15211590.45
1598747651,Laboratory Corporation Of America,Clinical Laboratory,15211450.44
1205553518,Rubio Ravelo,Nurse Practitioner,15205954.33
1548278138,Cabrera,Plastic and Reconstructive Surgery,15176799.17
1407113020,Laboratory Of Florida Llc,Clinical Laboratory,15150631.25
1235315268,Hu,Ophthalmology,15135415.92
1184163206,Brown,Nurse Practitioner,15118998.62
1134538713,"Mako Medical Laboratories, Llc",Clinical Laboratory,15108760.52
1417952847,Christen,Nurse Practitioner,15071371.80
1396408829,Neogenomics Laboratories Inc,Clinical Laboratory,15066053.32
1831109792,Dreisbach,Hematology-Oncology,15009569.63
1982606117,Minsal,Internal Medicine,14970119.25
1285391821,Johnstad,Physician Assistant,14908017.56
1447280003,Levin,Internal Medicine,14804674.20
1548370745,Memphis Pathology Laboratory,Clinical Laboratory,14775310.80
1487212551,Quest Diagnostics Clinical Laboratories Inc,Clinical Laboratory,14751449.01
1538565478,Nai Saturn Eastern Llc,Centralized Flu,14668622.73
1750533816,Hemophilia Preferred Care Of Memphis Inc,Pharmacy,14663501.48
1952581027,Hardesty,Internal Medicine,14649464.72
1578862637,Yerkes,Physician Assistant,14491937.73
1740715333,"Altru Diagnostics, Inc",Clinical Laboratory,14441345.98
1043271539,"Sma Medical, Inc.",Clinical Laboratory,14424692.33
1952588329,Viking Enterprises Inc.,Ambulance Service Provider,14411140.22
1740570696,Urbin,Family Practice,14390814.11
1992489728,Balken,Nurse Practitioner,14377644.52
1073946216,"Madison Physician Surgery Center, Llc",Ambulatory Surgical Center,14372684.08
1871724864,"Lone Star Ambulance 1, Llc",Ambulance Service Provider,14362078.98
1316554264,King,Nurse Practitioner,14215088.01
1053686964,"Advanced Pathology Solutions, Pllc",Clinical Laboratory,14212416.78
1548713050,Profusion Llc,Pharmacy,14198910.41
1235652942,Thompson,Nurse Practitioner,14196222.34
1982847851,Lee,Plastic and Reconstructive Surgery,14107951.73
1790101681,"American Health Mw, Llc",Clinical Laboratory,14023006.39
1710667050,Amerilab Diagnostic Center Llc,Clinical Laboratory,14015417.17
1730871336,Eremia,Nurse Practitioner,13991234.92
1922019561,Cascade Hemophilia Consortium,Pharmacy,13971685.25
1376833160,Knight,Family Practice,13903479.65
1306067814,Levy,Dermatology,13867183.92
1053372649,Mattar,Hematology-Oncology,13800547.67
1376921254,Vons Companies Inc,Centralized Flu,13792721.37
1306390414,Williams,Nurse Practitioner,13782126.63
1578500336,Wu,General Surgery,13779313.74
1821075060,Burrows,Neurology,13754764.06
1093724080,Romeu,Family Practice,13690377.90
1124522909,Mcgee,Nurse Practitioner,13686671.77
1215623376,Ime Enterprises Co,Clinical Laboratory,13609724.88
1093582850,Care View Diagnostics Llc,Clinical Laboratory,13540839.85
1144622333,Sosa,Nurse Practitioner,13470667.00
1003878596,Empress Ambulance Service Llc,Ambulance Service Provider,13401145.39
1780308262,"Circulogene Theranostics, Inc.",Clinical Laboratory,13302686.26
1063489383,Gupta,Ophthalmology,13288409.12
1316101298,Azizi,Diagnostic Radiology,13159144.58
1770529513,Diagnostic Laboratory Of Oklahoma Llc,Clinical Laboratory,13091065.34
1710294368,Elite Medical Transportation Llc,Ambulance Service Provider,13043551.46
1841236684,"Quest Diagnostics Of Pennsylvania, Inc.",Clinical Laboratory,13043418.90
1083249577,Mayo Clinic,Clinical Laboratory,13042358.44
1255436879,Metheny,Emergency Medicine,13041706.18
1790765337,Waples,Hematology-Oncology,13012206.28
1548280852,"Health Network Laboratories, Llc",Clinical Laboratory,12949141.08
1477988475,Mathai,Nurse Practitioner,12909868.35
1982186508,Mundh,Nurse Practitioner,12884793.01
1154447175,Singh,Vascular Surgery,12884339.06
1922021195,Eaton,Ophthalmology,12853280.49
1679550982,"Richmond County Ambulance Service, Inc",Ambulance Service Provider,12788342.83
1245494517,Exagen Inc.,Clinical Laboratory,12785226.42
1073229746,Patel,Physician Assistant,12746258.23
1942739487,Assibey,Family Practice,12691261.75
1760879217,Michail,Geriatric Medicine,12690822.79
1356310734,Ysasaga,Ophthalmology,12649187.01
1942295522,Cherches,Neurology,12582949.94
1386905016,Falck Northern California Corp.,Ambulance Service Provider,12555881.70
1962015941,Adoc,Nurse Practitioner,12515364.21
1205127982,Gooden,Pediatric Medicine,12474057.79
1972272276,"Tempus Ai, Inc.",Clinical Laboratory,12442442.06
1952181596,Mungovan,Nurse Practitioner,12437472.13
1902025398,"Premier Medical Transport, Inc.",Ambulance Service Provider,12424654.89
1063851335,"Modern Nuclear, Inc.",Independent Diagnostic Testing Facility (IDTF),12415231.35
1376554592,City Of Chicago,Ambulance Service Provider,12414229.66
1790780716,Qu,Hematology-Oncology,12351361.42
1295823540,"American Health S, Llc",Clinical Laboratory,12320569.13
1053368043,Maurice,Family Practice,12192211.74
1821546326,Kirscher,Nurse Practitioner,12183651.91
1285316075,Exevia Diagnostics Llc,Clinical Laboratory,12183476.61
1457495483,Tang,Hematology-Oncology,12133551.68
1043243538,American Medical Response Of Connecticut Incorporated,Ambulance Service Provider,12129505.39
1194211151,Almonte,Nurse Practitioner,12088521.35
1013107184,Prasad,Podiatry,12048875.76
1831751130,Williams,Nurse Practitioner,12048719.71
1124056296,"Medstar, Inc.",Ambulance Service Provider,12033370.38
1811524572,"Sentara Reference Lab Solutions, Llc",Clinical Laboratory,12024583.89
1821253584,Agendia Inc,Clinical Laboratory,12023467.78
1962168369,"Eurofins Transplant Genomics, Llc",Clinical Laboratory,11989186.03
1114938800,Onyeaghala,Internal Medicine,11979156.65
1750370755,Newman,Internal Medicine,11973462.80
1770887572,Heuser,Preventive Medicine,11860457.25
1861748154,Bai,Physician Assistant,11828048.66
1881301190,Dawis,Nurse Practitioner,11821377.65
1164523478,Hematopathology Associates Llc,Clinical Laboratory,11816855.54
1164920716,Manga,Nurse Practitioner,11792610.46
1174781231,Lauten,Ophthalmology,11721423.98
1538543731,"Exosome Diagnostics, Inc.",Clinical Laboratory,11681567.23
1720357908,"Ffp Acquisition Ii, Llc",Pharmacy,11628349.74
1952386153,Cataldo Ambulance Service Inc,Ambulance Service Provider,11601604.68
1619481397,Gasque,Nurse Practitioner,11598429.30
1861913576,"Cirrus Dx, Inc.",Clinical Laboratory,11574592.48
1760413652,Sharfman,Medical Oncology,11573816.36
1871881573,Ethical Factor Rx Llc,Pharmacy,11542279.31
1902462971,Piliin,Nurse Practitioner,11428787.68
1851557813,Miller,Internal Medicine,11422379.44
1790057123,Sindhu,Hematology-Oncology,11417101.10
1790869402,"Cardionet, Llc",Independent Diagnostic Testing Facility (IDTF),11334970.05
1710427133,Deshabathini,Nurse Practitioner,11313461.02
1063492940,Abraham,Ophthalmology,11300277.48
1730466590,"Precision Toxicology, Llc",Clinical Laboratory,11274747.59
1053195677,Elegant Health Resources Llc,Clinical Laboratory,11261546.94
1013578491,Masenda,Nurse Practitioner,11226057.96
1205591096,Garcia,Nurse Practitioner,11172878.19
1942270400,Gogu,Family Practice,11116405.50
1497783757,Houk,Rheumatology,11098565.44
1548771736,Usa Biosciences Llc,Clinical Laboratory,11074042.96
1710076567,Dy,Medical Oncology,11064095.83
1700014552,Simmons,Podiatry,11049690.28
1225554843,Global Diagnostic Lab Inc,Clinical Laboratory,11017932.35
1174665822,Misleh,Hematology-Oncology,11013147.34
1083682074,Bharaj,Internal Medicine,11006055.15
1598767501,Kwph Enterprises Inc,Ambulance Service Provider,11000866.06
1235690215,Machado Nunez,General Practice,10971404.76
1396833810,Kamboj,Cardiology,10968134.72
1013911668,Young,Hematology-Oncology,10961717.89
1053908194,Echegi,Physician Assistant,10905189.98
1437492238,Morris,Diagnostic Radiology,10847211.41
1508107855,Beswick,Nurse Practitioner,10802361.50
1659351484,Cherny,Hematology-Oncology,10775750.89
1962412072,Board Of County Commissioners Palm Beach County,Ambulance Service Provider,10711901.17
1255472999,Martinez,Family Practice,10694421.09
1982844213,Breedlove,Nurse Practitioner,10658917.79
1215930987,"Diagnostic Laboratory Services, Inc",Clinical Laboratory,10648444.93
1356761589,Shoals Ambulance Llc,Ambulance Service Provider,10633418.53
1629152053,Island Eye Surgicenter Llc,Ambulatory Surgical Center,10610543.99
1720260151,Rush,Ophthalmology,10605327.45
1477504223,Desai,Hematology-Oncology,10601739.38
1922391226,Rural-Metro Of California Inc,Ambulance Service Provider,10577106.75
1720279805,Scripps Health,Clinical Laboratory,10572629.19
1275292294,Elite Bio Reference Laboratory Llc,Clinical Laboratory,10540875.41
1306819545,Owings,General Practice,10538910.85
1407265812,Day,Physician Assistant,10529866.90
1013268200,Marx,Physician Assistant,10515031.35
1215999800,Behrens,Medical Oncology,10498955.68
1316983158,Quest Diagnostics Clinical Laboratories Inc,Clinical Laboratory,10495241.97
1891909941,Siparadigm Llc,Clinical Laboratory,10465142.58
1316688260,Howard,Internal Medicine,10443896.28
1316420631,Ogari,Nurse Practitioner,10420670.93
1194404632,Wong,Physician Assistant,10399256.77
1225028707,Atlantic Ambulance Corp.,Ambulance Service Provider,10393981.26
1528726429,Dicen,Physician Assistant,10389708.59
1215042569,Jablon,Ophthalmology,10361728.70
1063734739,Cleveland Heartlab Inc,Clinical Laboratory,10339870.93
1306887260,Mobile Medical Response Inc,Ambulance Service Provider,10321577.13
1003133901,Blackmon,Dermatology,10287877.12
1932161155,Reddy,Hematology-Oncology,10265946.89
1134611403,Tiangco,Nurse Practitioner,10264301.45
1528690609,Rubiera,Nurse Practitioner,10262177.59
1558452185,Acme Markets Inc,Centralized Flu,10248543.80
1801315353,Sodha,Physician Assistant,10220611.58
1518292077,Burrows,Nurse Practitioner,10209133.69
1649244716,Schechtman,Rheumatology,10196311.84
1982728796,Dicarlo,Medical Oncology,10167904.50
1700885548,"Mercy Air Service, Inc",Ambulance Service Provider,10166191.63
1275509259,Careflite,Ambulance Service Provider,10127877.77
1588687503,Tran,Family Practice,10096294.18
1053613323,Survival Flight Inc.,Ambulance Service Provider,10093851.52
1639179708,Martin,Medical Oncology,10092939.67
1447955877,Genetx Laboratory Llc,Clinical Laboratory,10065718.23
1073571949,Lobo,Hematology-Oncology,10057420.29
1316681802,Protasovitskaya,Nurse Practitioner,10056191.70
1104051945,Clayton,Rheumatology,10045026.29
1104191592,Pgbb Llc,Pharmacy,10042051.10
1679959845,Mailyan,Family Practice,10037619.01
1942305677,Koeneke,Hematology-Oncology,10026820.16
1194833939,"American Medical Response Ambulance Service, Inc.",Ambulance Service Provider,10011487.02
1023296449,Drg Pharmacy Llc,Pharmacy,10010557.50
1821464678,Baltimore County Maryland Office Of Finance,Ambulance Service Provider,10004976.48
1003468745,Craig,Nurse Practitioner,9984756.00
1063691830,Kassar,Hematology-Oncology,9978429.13
1992774681,Taheri,Dermatology,9958953.98
1972839983,Reinauer,Ophthalmology,9946000.74
1427122266,Potti,Hematology-Oncology,9940892.70
1376206425,Infinite Genomics Llc,Clinical Laboratory,9940862.58
1225185465,Paley,Otolaryngology,9938877.43
1285621631,Mayo Clinic Jacksonville,Clinical Laboratory,9934432.97
1982674636,Metro Atlanta Ambulance Services Inc,Ambulance Service Provider,9930968.34
1518994631,Dyer,Ophthalmology,9912495.39
1497416184,Thompson,Nurse Practitioner,9883845.78
1093166076,Hoffman,Podiatry,9868522.63
1336207430,George,Dermatology,9868441.85
1477602639,Pacific Diagnostic Laboratories,Clinical Laboratory,9856280.78
1063031219,Wu,Physician Assistant,9816647.53
1942455423,Steinle,Ophthalmology,9812655.67
1467433292,"Inform Diagnostics, Inc.",Clinical Laboratory,9771028.48
1932330990,Reed,Ophthalmology,9758275.76
1477230225,Tavakkoli,Physician Assistant,9712540.17
1033116074,Welch,Ophthalmology,9705364.70
1386775419,Taweel,Internal Medicine,9698761.02
1356411474,Hunter,Family Practice,9683494.33
1598873382,Gray,Hematology,9682166.96
1487224226,Eyakem,Nurse Practitioner,9679125.21
1043272305,Moore,Hematology-Oncology,9673690.93
1023018728,Kerns,Hematology-Oncology,9669209.82
1518406636,Gentech Laboratories Llc,Clinical Laboratory,9618501.67
1871882357,White,Neurology,9607198.86
1477781888,Terrell,Ophthalmology,9594886.24
1922259753,Boston Heart Diagnostics Corporation,Clinical Laboratory,9571990.42
1043904485,City Of San Diego,Ambulance Service Provider,9541807.79
1023631884,Oloso,Nurse Practitioner,9530661.62
1902146822,Silva,Family Practice,9489726.94
1508529561,Heying,Physician Assistant,9473538.82
1699194928,Shah,Hematology-Oncology,9463866.60
1720306566,"Med Fusion, Llc",Clinical Laboratory,9451149.79
1720308638,May,Podiatry,9439827.73
1073268322,Star Medical Laboratory Inc,Clinical Laboratory,9438076.47
1659371375,Dees,Nurse Practitioner,9431525.36
1316339609,Contra Costa County,Ambulance Service Provider,9413944.31
1528279965,Koticha,Hematology-Oncology,9405318.11
1144343005,Gupta,Hematology-Oncology,9373358.40
1144516345,Karno,Internal Medicine,9357808.53
1932821063,"Pafford Ems Of Mississippi, Inc",Ambulance Service Provider,9354854.23
1700455714,Nguyen,Nurse Practitioner,9352808.16
1760897045,Allen,General Surgery,9343078.78
1851635882,Montgomery County Maryland Government,Ambulance Service Provider,9322936.18
1982148003,Ambulnz Ny Llc,Ambulance Service Provider,9276171.98
1750777959,Moore,Hematology-Oncology,9243537.47
1528514221,Victoria Healthcare Resources,Clinical Laboratory,9238819.75
1699778563,Hemophilia Of Georgia,Pharmacy,9238531.10
1215914288,Laboratory Corporation Of America Holdings,Clinical Laboratory,9236176.96
1619980430,University Hospitals Laboratory Services Foundation,Clinical Laboratory,9233126.52
1770936791,Aluko,Nurse Practitioner,9226738.03
1013171420,Gupta,Hematology-Oncology,9215678.24
1316427313,Moran,Nurse Practitioner,9213487.13
1023341740,"Ophthalmology Surgery Center Of Dallas, Llc",Ambulatory Surgical Center,9200230.03
1003499013,Souza,Nurse Practitioner,9189632.87
1144978271,Finch,Nurse Practitioner,9187610.82
1487744942,Jones,Physician Assistant,9186326.84
1952381477,Ameripath Florida Llc,Clinical Laboratory,9181873.66
1972721348,Dakhil,Hematology-Oncology,9160711.84
1811187909,Zafar,Hematology-Oncology,9145625.92
1023175072,"Habit Opco, Llc",Opioid Treatment Program,9138574.91
1477663839,County Of Lee-Office Of County Comm,Ambulance Service Provider,9126077.32
1407637903,Genopre Inc,Clinical Laboratory,9099458.02
1306801113,Allina Health System,Ambulance Service Provider,9088485.69
1528263043,Deutsch,Hematology-Oncology,9061917.69
1821446550,"Tdm Laboratories Of Katy, Llc",Clinical Laboratory,9058694.91
1518075449,American Medical Response Of Inland Empire,Ambulance Service Provider,9023863.64
1811926769,Qureshi,Ophthalmology,9020803.99
1780654889,Lipman,Hematology-Oncology,9011292.32
1598747164,Patel,Hematology-Oncology,9010438.42
1528029147,Nabbout,Hematology-Oncology,9007406.09
1417918079,Dakhil,Hematology-Oncology,8960815.73
1821023714,Iyengar,Family Practice,8960714.95
1013002880,Sai,Hematology-Oncology,8953678.78
1306276837,Walker,Nurse Practitioner,8942644.65
1619536240,Carepartners Pharmacy Llc,Pharmacy,8925535.13
1437360351,Alliman,Ophthalmology,8915295.00
1154783074,Alpha Medical Laboratory Llc,Clinical Laboratory,8908247.21
1285014282,Laboratory Corporation Of America Holdings,Clinical Laboratory,8868790.59
1255468435,City Of Philadelphia,Ambulance Service Provider,8855848.84
1588440960,Gp Diagnostics,Clinical Laboratory,8838470.76
1578597886,"American Medical Response Ambulance Service, Inc.",Ambulance Service Provider,8815033.10
1225074057,Martinez Tapia,Family Practice,8797111.06
1093226326,Fairview Pharmacy Services Llc,All Other Suppliers,8784323.67
1659083418,Wall,Nurse Practitioner,8777810.32
1760469407,Divers,Medical Oncology,8773784.51
1326280371,Rovelo,Plastic and Reconstructive Surgery,8751977.08
1417426222,Ortiz Riveron,Nurse Practitioner,8747208.50
1760950182,Yeargin,Nurse Practitioner,8741419.71
1578347290,Nursedx Laboratory Llc,Clinical Laboratory,8740907.05
1891754602,"Arj Infusion Services, Llc",Pharmacy,8737149.63
1912373721,Lerner,Nurse Practitioner,8733634.97
1619911971,American Medical Response Of Massachusetts Inc,Ambulance Service Provider,8729768.45
1649218009,"River Drive Surgery Center, Llc",Ambulatory Surgical Center,8719586.63
1912375148,Zywie Inc,Independent Diagnostic Testing Facility (IDTF),8707006.76
1316155500,Ajtai,Neurology,8697920.59
1013054865,Cohen-Gadol,Rheumatology,8685546.78
1033192570,Rubin,Hematology-Oncology,8674303.18
1871731729,Regents Of The University Of,Clinical Laboratory,8672304.49
1023005139,Roanoke Valley Center For Sight Llc,Ambulatory Surgical Center,8665223.56
1437705662,Mbugua,Nurse Practitioner,8653748.48
1598820235,Sherman Abrams Laboratory Inc,Clinical Laboratory,8618530.00
1841257391,Regional Emergency Medical Services Authority,Ambulance Service Provider,8580095.53
1518265875,Meck,Emergency Medicine,8552138.16
1356332506,Hussein,Hematology-Oncology,8530604.72
1760952360,Huntly,Nurse Practitioner,8519635.91
1407323421,Donoho,Physician Assistant,8516864.58
1528817459,Arizona Medical Laboratories Inc,Clinical Laboratory,8470644.64
1912194283,Pelayo,Hematology-Oncology,8467886.47
1730185935,Smith,Hematology-Oncology,8462741.70
1457310492,"Orthodynamics Company, Inc.",Pharmacy,8458318.74
1619947876,Ibach,Hematology-Oncology,8457367.93
1659397164,Mayo Clinic Ambulance,Ambulance Service Provider,8447740.74
1548256266,Wade,Family Practice,8445724.37
1295909919,Gandhi,Rheumatology,8429953.28
1326439159,Black,Physical Therapist in Private Practice,8423169.08
1013951870,Badday,Internal Medicine,8418411.40
1366761975,Hall,Hematology-Oncology,8407347.26
1477652501,"Pafford Medical Services, Inc",Ambulance Service Provider,8399851.69
1467642611,Olney,Pathology,8387423.51
1851615371,Choi,Physician Assistant,8359095.21
1598372088,Ares,Nurse Practitioner,8353229.47
1265459168,Drengler,Medical Oncology,8321893.91
1730418849,London,Ophthalmology,8315598.27
1740790179,Gamble,Nurse Practitioner,8314455.07
1861461402,Wiegand,Ophthalmology,8307231.55
1427268259,Hamarneh,Hematology-Oncology,8299414.43
1538131362,"Institute For Dermatopathology, Inc.",Clinical Laboratory,8296614.56
1447542410,Banker,Ophthalmology,8290129.34
1811055569,Robert Wood Johnson Health Network Inc,Ambulance Service Provider,8288874.05
1063494953,Nair,Hematology-Oncology,8286056.36
1346558392,Klufas,Ophthalmology,8280935.21
1982792198,Anderson,Podiatry,8279900.07
1730273582,Regents Of The University Of California,Pharmacy,8267279.21
1225872658,"Caris Mpi, Inc.",Clinical Laboratory,8253557.43
1700831401,Center For Emergency Medicine Of Western Pennsylvania,Ambulance Service Provider,8235702.00
1073251336,Apprise Diagnostics Llc,Clinical Laboratory,8233597.17
1619972254,Compunet Clinical Laboratories Llc,Clinical Laboratory,8176540.21
1841479573,"Advanced Bionics, Llc.",Pharmacy,8171239.29
1760653612,Landrum,Hospitalist,8169663.60
1457378150,Emergency Medical Services Authority,Ambulance Service Provider,8166777.21
1447753173,"Advanced Center For Joint Surgery, Llc",Ambulatory Surgical Center,8160873.21
1366746547,Allen,Physician Assistant,8160188.17
1932652815,"Maricopa Ambulance, Llc",Ambulance Service Provider,8157135.58
1609252287,Afriyie,Nurse Practitioner,8155575.00
1306333414,Fisher,General Practice,8153940.41
1124155569,Guancial,Hematology-Oncology,8151944.48
1043315260,Fertel,Vascular Surgery,8144266.13
1023678240,Washington Institute For Coagulation,Pharmacy,8142471.12
1508898206,Gordon,Neurology,8136020.38
1003893728,Naifeh,General Practice,8123238.95
1881334290,"Galatea Bio, Inc.",Clinical Laboratory,8122971.87
1164643359,Sherman,Hematology-Oncology,8120739.92
1669101119,Oliver,Physician Assistant,8118531.58
1013965276,Fineman,Ophthalmology,8099194.94
1669186391,Azuonye,Nurse Practitioner,8091965.57
1639717218,Anderson,Nurse Practitioner,8083064.03
1992774590,Aragon,Ophthalmology,8077935.87
1558323758,Truong,Hematology-Oncology,8051139.36
1063704310,Frost,Family Practice,8048415.83
1659475309,Gonzalez,Emergency Medicine,8028661.44
1659383719,Hall Ambulance Service Inc,Ambulance Service Provider,8027129.23
1164634952,University Of North Carolina At Chapel Hill,Pharmacy,8025062.61
1902994551,Villalvazo,Family Practice,8018477.74
1912480070,Sog Surgery Center Llc,Ambulatory Surgical Center,8014720.40
1376305631,Mba,Nurse Practitioner,7990341.66
1760845473,Payne,Podiatry,7987382.38
1538165113,Dodd,Hematology-Oncology,7984561.68
1164614004,Casper,Dermatology,7984042.33
1922098029,County Of Wake,Ambulance Service Provider,7964159.18
1265485213,Mascaro,General Practice,7960651.61
1639380207,Cleveland,Hematology-Oncology,7957039.66
1013200328,Henderson,Hematology-Oncology,7954127.83
1245832971,Fenn,Nurse Practitioner,7950246.98
1447544192,Boeke,Ophthalmology,7948200.78
1518473263,"Cnd Life Sciences, Inc",Clinical Laboratory,7940536.53
1063690907,Rice,Nurse Practitioner,7934241.36
1457390353,Hsiang,Hematology-Oncology,7933306.05
1417927054,Rao,Hematology-Oncology,7918632.53
1922629054,Rutledge,Nurse Practitioner,7918326.52
1134113376,Balar,Hematology-Oncology,7916032.96
1457356461,Diaz,Neurology,7893661.39
1679650949,Ahmed,Hematology-Oncology,7892039.77
1093749087,Aculabs Inc,Clinical Laboratory,7885660.09
1942228515,Chang,Neurology,7884250.72
1588004410,Medscan Laboratory Inc,Clinical Laboratory,7856635.23
1295929511,Khanani,Ophthalmology,7849390.26
1134633266,Prewett,Nurse Practitioner,7845378.20
1093191504,Montgomery,Physician Assistant,7838886.40
1285826024,Shane,Ophthalmology,7838671.93
1770585812,"Lifenet, Inc.",Ambulance Service Provider,7837459.29
1518107937,Alicia Surgery Center Llc,Ambulatory Surgical Center,7834548.10
1548208440,"Interpath Laboratory, Inc.",Clinical Laboratory,7830724.50
1538262761,Jian Seyedahmadi,Ophthalmology,7823248.01
1205398617,Brasso,Nurse Practitioner,7818853.88
1144539644,Moshfegh,Interventional Radiology,7783458.67
1598758062,Bagdasarian,Hematology-Oncology,7782866.16
1245620954,"Shadelands Endovascular, Llc",Ambulatory Surgical Center,7771320.89
1043606130,Agustin,Internal Medicine,7768461.35
1285944652,Katava,Pathology,7767371.03
1023880861,Grand Teton Diagnostics Corp,Clinical Laboratory,7759461.49
1710177795,"Aspen Surgery Center, Llc",Ambulatory Surgical Center,7756961.76
1396804712,Malik,Internal Medicine,7755039.75
1740753565,Figueroa,Nurse Practitioner,7749506.65
1780728626,Gruber,Physician Assistant,7728969.73
1669463378,Berry,Medical Oncology,7717682.92
1104286087,Etmc Ems,Ambulance Service Provider,7701928.16
1356302962,Soloman,Rheumatology,7698241.33
1053475905,"North Star Emergency Services, Inc.",Ambulance Service Provider,7666348.28
1275301517,Rocky Ridge Diagnostics Llc,Clinical Laboratory,7660140.05
1427048313,Miller,Podiatry,7652094.47
1598081911,Glick,Hematology-Oncology,7648764.56
1306368527,Atiyeh,Family Practice,7647095.22
1215124706,Kartvelishvili,Ophthalmology,7646949.15
1699902577,Itty,Ophthalmology,7639651.76
1316980014,Couvillion,Ophthalmology,7631560.19
1932410586,Mukhi,Family Practice,7626849.26
1417163999,Ignatius,Hematology-Oncology,7623630.40
1588007520,Sampson,Dermatology,7620261.71
1841486172,Randhawa,Ophthalmology,7611825.02
1326684101,Ramirez,Nurse Practitioner,7591317.61
1285834754,Brought,Plastic and Reconstructive Surgery,7585346.84
1316595853,Bonnes,Nurse Practitioner,7578892.85
1104870401,Lakhanpal,Ophthalmology,7576402.42
1386638682,Pendergast,Ophthalmology,7568327.19
1649571407,Badr,Pathology,7567667.81
1528373172,Garukyan,Podiatry,7567658.72
1992799191,Miller,Ophthalmology,7564543.03
1205906310,Topsakalyan,General Practice,7564454.70
1871754473,"Lifemed Alaska, Llc",Ambulance Service Provider,7563702.12
1760403364,Pilling,Podiatry,7555290.15
1427776780,Rocky Mountain Laboratories Llc,Clinical Laboratory,7548948.11
1184884876,May,General Surgery,7546244.81
1538686597,Genentox Laboratories Llc,Clinical Laboratory,7537862.20
1679529473,Portnoy,Hematology-Oncology,7526151.70
1417938820,"Caremark, L.L.C.",Pharmacy,7524404.14
1790005858,University Of Washington,Ambulance Service Provider,7513141.77
1952334914,Lovett,Physician Assistant,7512810.40
1487198495,"Surgery Center Of Naples, Llc",Ambulatory Surgical Center,7508993.17
1932390234,Reno Orthopaedic Surgery Center Llc,Ambulatory Surgical Center,7507506.38
1649495276,Saberi,Family Practice,7500258.35
1730159674,Hostoffer,Pediatric Medicine,7489747.20
1619053998,Percent,Hematology-Oncology,7481088.18
1285746669,Salerno,Osteopathic Manipulative Medicine,7470899.17
1467869750,Lone Star Tox Screen,Clinical Laboratory,7468498.47
1922001064,Alberico,Hematology-Oncology,7467497.88
1659848364,Garza,Nurse Practitioner,7449195.61
1356341531,City Of Jacksonville,Ambulance Service Provider,7446624.53
1245492768,Bartels,Hematology-Oncology,7444516.05
1689052722,Randalls Food & Drugs Lp,Centralized Flu,7439798.07
1407855612,Gelfand,Hematology-Oncology,7434297.08
1700913118,"Biological Laboratory, Inc.",Clinical Laboratory,7424971.57
1730164591,Shimkus,Medical Oncology,7424052.83
1639179229,Feng,Medical Oncology,7422035.07
1558339424,Premier Surgery Center,Ambulatory Surgical Center,7406277.31
1922246982,Weber,Hematology-Oncology,7395445.97
1841962289,Tricore Inc.,Clinical Laboratory,7387600.80
1477522910,"Cohen Dermatopathology, P.C.",Clinical Laboratory,7382441.77
1144698903,Landon,Physician Assistant,7382339.13
1841482270,Al-Hazzouri,Medical Oncology,7354142.51
1497929319,Riaz,Hematology-Oncology,7344462.01
1710981774,Metropolitan Area Ems Authority,Ambulance Service Provider,7343984.46
1295908077,Blurton,Nuclear Medicine,7337766.05
1740248038,Regillo,Ophthalmology,7332789.02
1316017676,Taksey,Hematology-Oncology,7324324.99
1811945231,Gandhi,Hematology-Oncology,7318830.19
1326260837,Patel,Hematology-Oncology,7311757.78
1124894001,Hernandez Machado,Nurse Practitioner,7309321.56
1952508533,Hapani,Medical Oncology,7299621.03
1205312824,Lopez,Nurse Practitioner,7296322.10
1205844750,Jean,Hematology-Oncology,7286947.08
1083698534,Laboratory Corporation Of America,Clinical Laboratory,7270049.12
1588758312,Renno,Hematology-Oncology,7262088.32
1538168372,"Lifenet, Inc",Ambulance Service Provider,7261914.49
1750336236,Chaudhry,Hematology-Oncology,7256485.65
1568579407,Sommerville,Ophthalmology,7250817.02
1336451665,Chalhoub,Hematology-Oncology,7250688.86
1376036269,Serbes Mccain,Podiatry,7239713.42
1457089039,Apolinario,Nurse Practitioner,7238730.72
1225079247,Ho,Internal Medicine,7234117.62
1598043663,Koh,Family Practice,7233974.69
1023364387,Costa Diniz Domingues,Rheumatology,7225310.49
1619040284,Quest Diagnostics Venture Llc,Clinical Laboratory,7220123.09
1134148703,Sinner,Diagnostic Radiology,7220083.60
1861763658,"Alverno Laboratories, Llc",Clinical Laboratory,7214182.10
1356648968,Lepe,Physician Assistant,7209849.63
1518922814,Truong,Hematology-Oncology,7191127.14
1841268133,Rosenbach,Allergy/ Immunology,7181376.87
1548402886,Abbey,Ophthalmology,7179093.88
1073165148,Gammon,Nurse Practitioner,7178328.39
1902049646,Gitter,Hematology-Oncology,7176242.83
1437194610,Frank,Hematology-Oncology,7172243.56
1124187927,Uyeki,Medical Oncology,7171448.03
1376575134,Director Of Finance-County Of Fairfax Va,Ambulance Service Provider,7169369.26
1174590434,"Harmony Surgery Center, Llc",Ambulatory Surgical Center,7156587.37
1821028945,Central Emergency Medical Services Llc,Ambulance Service Provider,7146488.66
1639119589,Baker,Hematology-Oncology,7142851.21
1528269917,Soriano,Hematology-Oncology,7140355.95
1962481820,"Propath Services, Llc",Clinical Laboratory,7135983.51
1770802373,Simmons,Hematopoietic Cell Transplantation and Cellular Therapy,7126236.58
1235533779,"Realtox Labs, Llc",Clinical Laboratory,7121908.74
1407897093,Haseeb,Hematology-Oncology,7121887.40
1194307421,Rucker,Nurse Practitioner,7112421.34
1053554824,Anne Arundel County,Ambulance Service Provider,7099173.32
1346227352,Merchant,Hematology-Oncology,7097234.91
1932794922,Kind,Nurse Practitioner,7095296.43
1164464566,Eibschutz,Rheumatology,7094771.45
1629108949,"Chris Taylor Cosmetics, P.A.",Ambulatory Surgical Center,7093724.03
1851966105,Delta Laboratories Llc,Clinical Laboratory,7087313.02
1336130046,Chu,Hematology-Oncology,7086304.93
1588618938,Muthukrishnan,Nuclear Medicine,7081681.29
1669470720,Crayton,Neurology,7076719.45
1114456225,Curtis,Podiatry,7074301.38
1366544058,Zilli,Family Practice,7071214.17
1184018350,Yu,Pulmonary Disease,7065572.48
1568807212,Kim,Podiatry,7055149.36
1881987303,Bustamante,Hematology-Oncology,7044965.45
1386641082,Smith,Hematology-Oncology,7041695.32
1205816667,Tarantolo,Medical Oncology,7034120.79
1235165051,Gidwani,Pathology,7031412.54
1750373908,"Medical Diagnostic Laboratories,llc",Clinical Laboratory,7023922.59
1952509606,Wang,Medical Oncology,7023189.35
1801515606,Patel,Nurse Practitioner,7020271.07
1457328932,Neuberg,Hematology-Oncology,7019585.75
1013032713,Estrada,Hematology-Oncology,7007159.32
1619136413,Blackmon,Hematology-Oncology,7006894.75
1982132502,Peck,Ophthalmology,6994356.74
1962727008,Yonekawa,Ophthalmology,6991340.43
1962478180,Little Rock Ambulance Authority,Ambulance Service Provider,6976660.76
1356507487,"Bleeding Disorders Resource Network, Llc",Pharmacy,6975759.59
1003893199,Harandi,Hematology-Oncology,6971491.14
1548808439,Johnson,Nurse Practitioner,6956175.60
1124067269,Mcdonald,Nuclear Medicine,6946762.63
1841510294,Khan,Ophthalmology,6940428.26
1366588816,Malik,Medical Oncology,6940067.35
1639237092,Musculoskeletal Ambulatory Surgery Center Inc,Ambulatory Surgical Center,6937180.62
1740906585,"Naveris, Inc",Clinical Laboratory,6924989.60
1750528717,Round Rock Surgery Center Llc,Ambulatory Surgical Center,6912041.74
1992762868,Niederman,Medical Oncology,6908717.15
1841277589,Muldoon,Hematology-Oncology,6893249.19
1851394662,Conklin,Hematology-Oncology,6882450.01
1831272822,Glenn,General Surgery,6879494.11
1962489237,"Esoterix, Inc",Clinical Laboratory,6877292.94
1821058496,Malhotra,Hematology-Oncology,6872234.62
1154089241,Fast Lab Technologies Llc,Clinical Laboratory,6868077.44
1053314146,Biotech Clinical Laboratories Inc,Clinical Laboratory,6866157.77
1992871289,Taimur,Hematology-Oncology,6862650.22
1629627864,Keller,Physician Assistant,6861349.18
1952591067,Farhad,Family Practice,6859761.50
1114926433,Shaoulian,Neurology,6847629.89
1558368605,Mendoza,Hematology-Oncology,6842694.20
1184209017,Abedullah,Nurse Practitioner,6839296.44
1831360247,Surgical Center At Columbia Orthopaedic Group Llc,Ambulatory Surgical Center,6836917.28
1588766968,Regents Of The University Of Colorado,Pharmacy,6831502.20
1922421148,Lindow,Nurse Practitioner,6812254.10
1386678605,American Medical Response West,Ambulance Service Provider,6810242.97
1851423388,Ali,Internal Medicine,6809941.62
1942813050,Lab Diagnostics Llc,Clinical Laboratory,6799498.57
1326268475,Gupta,Ophthalmology,6796255.81
1083785398,Olympia Orthopaedic Associates Pllc,Ambulatory Surgical Center,6794869.95
1457345324,Viradia,Neurology,6791546.20
1063188613,Reed,Nurse Practitioner,6790384.32
1124076930,Kaiser,Ophthalmology,6789361.80
1053336602,Virginia Eye Institute Inc,Ambulatory Surgical Center,6776291.20
1518057546,"Long Island Ambulatory Surgery Center, Llc",Ambulatory Surgical Center,6774718.89
1861597668,Clause,Podiatry,6771055.60
1053854752,Stapleton,Nurse Practitioner,6768787.91
1871577544,Margolis,Hematology-Oncology,6767961.71
1922056712,Ho,Ophthalmology,6764020.51
1396067682,Shah,Vascular Surgery,6761322.23
1073227377,Texas Medical Lab Llc,Clinical Laboratory,6758502.41
1710374467,Statler,Ophthalmology,6747987.93
1891762019,Markan,Hematology-Oncology,6747700.13
1447760814,P4 Clinical Llc,Clinical Laboratory,6747658.16
1023453958,Allmed Transportation Inc,Ambulance Service Provider,6739216.76
1245935063,Rogong,Nurse Practitioner,6736431.74
1356360887,Emrani,Cardiology,6731484.32
1629482468,Strohbehn,Ophthalmology,6719036.62
1962489195,Bobek,Internal Medicine,6711367.76
1447375282,City Of Houston,Ambulance Service Provider,6705783.53
1407085376,Esper,Hematology-Oncology,6704448.60
1154492247,Anderson,Pathology,6701490.58
1275739815,"Texas Digestive Disease Consultants, Pllc",Clinical Laboratory,6699917.28
1093792350,"Mayo Collaborative Services, Inc",Clinical Laboratory,6698073.37
1538827860,Ellis,Nurse Practitioner,6690872.07
1871572164,Gremillion,Ophthalmology,6689887.38
1033281324,"Advanced Clinical Laboratories, Inc.",Clinical Laboratory,6689689.81
1508087297,Wenk,Medical Oncology,6681851.84
1578852109,Philip,Hematology-Oncology,6678493.87
1740700798,Chineke,Hematology-Oncology,6672968.87
1205996014,Anz,Hematology-Oncology,6670126.01
1912083023,Olympic Ambulance Service Inc.,Ambulance Service Provider,6659343.36
1609697085,Everest Diagnostics Llc,Clinical Laboratory,6659207.97
1073580908,Williams,Nephrology,6653280.08
1780658500,Tran,Physician Assistant,6642243.26
1952044943,Prelude Corporation,Clinical Laboratory,6641999.66
1548904360,Barton,Nurse Practitioner,6633882.13
1619516911,Jones,Nurse Practitioner,6631285.55
1154406494,Fleming,Nurse Practitioner,6624207.09
1265875470,Lockwood,Hematology-Oncology,6622657.07
1720046188,"Superior Air-Ground Ambulance Service Of Michigan, Inc",Ambulance Service Provider,6615945.02
1457325086,Spirn,Ophthalmology,6608280.89
1316094139,Tarantola,Ophthalmology,6597175.52
1881871754,Bhavsar,Family Practice,6595771.10
1134388689,Patel,Hematology-Oncology,6583602.31
1861463275,Wender,Hematology-Oncology,6575474.17
1467613216,Jonisch,Ophthalmology,6559712.80
1336226034,Mecklenburg Emergency Medical Services Agency,Ambulance Service Provider,6550243.65
1730136854,Nazha,Medical Oncology,6546337.13
1285292334,Bautista,Nurse Practitioner,6542192.30
1669437497,"Cascade Surgicenter, Llc",Ambulatory Surgical Center,6541314.77
1295710002,"Scottsdale Eye Surgery Center, P.C",Ambulatory Surgical Center,6525809.30
1346426566,Shah,Medical Oncology,6521088.06
1457397382,Curvin,Family Practice,6519273.72
1982332227,Alfonso,Nurse Practitioner,6518084.82
1346602679,Middleton,Hematology-Oncology,6514272.90
1699774018,"Lifestar Response Of Maryland, Inc",Ambulance Service Provider,6513920.95
1558983452,Nelson,Nurse Practitioner,6513212.69
1700047180,Aulakh,Internal Medicine,6511513.72
1710912175,Ucar,Hematology-Oncology,6511103.45
1720001928,"Campbell Clinic Surgery Center, Llc",Ambulatory Surgical Center,6508819.63
1124125604,Murdock Ambulatory Surgery Center Llc,Ambulatory Surgical Center,6508713.21
1962539759,Mehta,Radiation Oncology,6508319.01
1780620526,Quest Diagnostics Nichols Institute,Clinical Laboratory,6502864.95
1992022800,Huddleston,Ophthalmology,6494003.09
1093934598,Avery,Hematology-Oncology,6493170.20
1932287653,Henke,Dermatology,6492298.00
1679179337,Kupfer,Physician Assistant,6486302.95
1396745105,Mavrofrides,Ophthalmology,6481407.35
1003868993,Joshi,Rheumatology,6479662.63
1699023085,Mendelson,Physician Assistant,6476301.98
1164462834,Liu,Medical Oncology,6461216.04
1801842943,Fischer,Hematology-Oncology,6460562.67
1154598068,Apuri,Hematology-Oncology,6458977.79
1669461919,Borromeo,Cardiology,6458797.95
1316155443,Castillo-Salazar,Ophthalmology,6453876.15
1548371289,Zak,Medical Oncology,6448342.15
1235190356,Maruniak,Pathology,6445726.80
1043282841,Ameripath New York Llc,Clinical Laboratory,6443867.95
1063079234,Cruza,Nurse Practitioner,6443207.24
1063405082,Mahindra,Hematology-Oncology,6432699.33
1689773244,Castellarin,Ophthalmology,6431002.16
1134147150,American Medical Response West,Ambulance Service Provider,6424117.03
1326418807,Burnett,Nurse Practitioner,6417964.04
1174538748,"Specialty Surgical Center, Llc",Ambulatory Surgical Center,6410840.28
1669636643,Mosalpuria,Medical Oncology,6406111.67
1306041900,Nikolinakos,Medical Oncology,6405344.62
1104054295,Stone,Family Practice,6401593.01
1447592308,Radeas Llc,Clinical Laboratory,6397392.52
1730384876,Patel,Ophthalmology,6394455.39
1558340034,Khorsandi,Cardiology,6388518.63
1669458907,Central Arkansas Radiation Therapy Institute Inc,Radiation Therapy Center,6385689.92
1003918475,Peairs,Ophthalmology,6383831.80
1376600965,City & County Of San Francisco,Ambulance Service Provider,6381942.96
1548296338,Polk County Board Of County Commissioners,Ambulance Service Provider,6366910.86
1932127578,American Medical Response West,Ambulance Service Provider,6361720.07
1174818355,Sullivan,Hematology-Oncology,6358547.32
1518132489,Mahmud,Hematology-Oncology,6354941.46
1093560088,Smart Mdx Laboratories Llc,Clinical Laboratory,6345090.10
1821281395,Arogyasami,Ophthalmology,6342329.43
1164852455,Nura Surgical Center Llc,Ambulatory Surgical Center,6333851.15
1972565182,Gejerman,Radiation Oncology,6331128.47
1861615130,Barochia,Hematology-Oncology,6328219.40
1609350784,Leduc,Nurse Practitioner,6327177.30
1205881976,Baudo,Ophthalmology,6325498.12
1922101161,Silberberg,Hematology-Oncology,6324491.39
1861462129,Belkin,Neurology,6318524.85
1912906157,"Southern Surgery Center, Llc",Ambulatory Surgical Center,6316396.15
1295791754,Wallace,Dermatology,6303484.25
1487872412,Shah,Ophthalmology,6300703.67
1811218316,Medina Mendez,Ophthalmology,6297872.96
1578161766,Schaben,Nurse Practitioner,6289234.24
1053584482,"Empire City Laboratories, Inc",Clinical Laboratory,6287923.97
1699096388,Moore,Hematology-Oncology,6281993.16
1245249689,Parikh,Hematology-Oncology,6281889.35
1295736916,Boyer,Ophthalmology,6277648.54
1043474042,Liu,Medical Oncology,6271076.45
1225010838,"On Time Ambulance, Inc.",Ambulance Service Provider,6263292.04
1295717189,Mendelsohn,Hematology-Oncology,6262594.13
1396709895,Shunyakov,Medical Oncology,6260102.80
1194119339,Lee,Ophthalmology,6260003.38
1538156732,Zahir,Hematology-Oncology,6257133.97
1437839420,Rfa Medical Solutions Llc,Clinical Laboratory,6252572.26
1083693154,Schreeder,Hematology-Oncology,6250444.22
1346215746,Huslig,Hematology-Oncology,6244328.68
1376536482,Bend Surgery Center Llc,Ambulatory Surgical Center,6243248.54
1447916168,Layson,Nurse Practitioner,6241491.19
1114519436,Hernandez,Nurse Practitioner,6241468.65
1053453951,Westmed Ambulance Inc,Ambulance Service Provider,6232561.27
1720572415,"Apc-Amarillo Surgical Operating Company, Llc",Ambulatory Surgical Center,6230107.77
1326212960,Chiang,Ophthalmology,6224007.57
1972377489,Velasco,Nurse Practitioner,6223897.53
1720050040,Solomon,Diagnostic Radiology,6221150.38
1194915710,Girschek,Ophthalmology,6218240.17
1841045994,Anova Diagnostics Llc,Clinical Laboratory,6217184.89
1508887316,Saini,Diagnostic Radiology,6215746.60
1972558203,Singha,Interventional Radiology,6214894.45
1164756904,Cowan,Allergy/ Immunology,6212419.16
1982662847,Barker,Ophthalmology,6211651.80
1689025108,Basith,Family Practice,6207746.60
1457317398,Santa Rosa Surgery Center L P,Ambulatory Surgical Center,6201773.19
1366539595,"Annapath, Inc",Clinical Laboratory,6199722.16
1326136243,Abalihi,Internal Medicine,6198904.61
1841903028,Muenchow,Nurse Practitioner,6197000.72
1124066139,Cheek,Radiation Oncology,6195442.61
1083606974,Fallis,Podiatry,6187919.36
1811391097,Kaghazchi,Podiatry,6173757.92
1679609366,Mayor And City Council Of Baltimore,Ambulance Service Provider,6173458.06
1659031433,Sagis Pllc,Clinical Laboratory,6171138.72
1295050110,Torab Parhiz,Ophthalmology,6169106.38
1972219947,Barrett,Nurse Practitioner,6167502.52
1538692876,Chicago Vascular Asc Llc,Ambulatory Surgical Center,6156883.02
1407831076,Rosen,Rheumatology,6156737.60
1275319196,Nbio Lab Inc,Clinical Laboratory,6151335.17
1144716424,Advanced Diagnostics Laboratory Llc,Clinical Laboratory,6150720.92
1538312582,Pitcher,Ophthalmology,6149511.97
1881725364,Butler,Hematology-Oncology,6142499.00
1477947877,Grullon,Nurse Practitioner,6135206.16
1790023547,"Advanced Molecular Diagnostics, Llc",Clinical Laboratory,6131519.10
1912911389,Schaefer-Cutillo,Hematology-Oncology,6127112.44
1306220900,Viteri Malone,Hematology-Oncology,6125708.72
1629288659,Gerstner,Hematology-Oncology,6121220.11
1356432231,Shaws Supermarkets Inc,Centralized Flu,6113428.92
1346227048,Webb,Hematology-Oncology,6111447.03
1750341327,Tang,Hematology-Oncology,6111162.09
1851554786,Broadwell,Rheumatology,6108969.58
1891782595,"Medshore Ambulance Service, Llc",Ambulance Service Provider,6107331.53
1801195912,Simmonds,Orthopedic Surgery,6103467.36
1184866584,Goldberg,Ophthalmology,6100603.34
1740207646,Emergency Medical Services Authority,Ambulance Service Provider,6100125.67
1245275106,Biocorp Clinical Lab Inc,Clinical Laboratory,6099420.30
1699094300,Patel,Hematology-Oncology,6093324.85
1164403382,Jones,Thoracic Surgery,6093132.89
1861452054,Law,Hematology-Oncology,6089055.79
1386989820,Aneja,Hematology-Oncology,6085738.87
1619036050,Sarasota County Board Of County Commissioners,Ambulance Service Provider,6084089.38
1164449807,"Bell Ambulance, Inc.",Ambulance Service Provider,6083593.38
1174664783,Polosajian,Cardiology,6083225.76
1710023411,Adyanthaya,Ophthalmology,6073871.11
1871593731,Atkinson,General Surgery,6072965.37
1871720755,Palejwala,Ophthalmology,6070652.68
1689771545,Benz,Ophthalmology,6068933.93
1841347655,Patel,Hematology-Oncology,6065569.45
1346648870,Principle Labs Llc,Clinical Laboratory,6056114.15
1730776816,Novant Health New Hanover Regional Medical Center Llc,Ambulance Service Provider,6053486.41
1780632570,Vander,Ophthalmology,6052149.12
1821201088,Finley,Ophthalmology,6048342.79
1609491216,Amedix,Clinical Laboratory,6042299.34
1851548127,Golewale,Diagnostic Radiology,6040836.84
1699936252,Sasapu,Hematology-Oncology,6037843.21
1770780603,Kenawy,Rheumatology,6036949.17
1538501978,Johnson,Nurse Practitioner,6035382.90
1093104895,Stevens,Nurse Practitioner,6030979.27
1629047436,Brookside Clinical Laboratory Inc,Clinical Laboratory,6030299.28
1083674519,Collier County Board Of County Commissioners,Ambulance Service Provider,6028690.52
1831228709,Eccolab Group Co,Clinical Laboratory,6028229.21
1932136959,Wiles,Ophthalmology,6023465.94
1962439232,Wound Care Resources Inc.,All Other Suppliers,6021087.96
1518940246,Maun,Hematology-Oncology,6017070.10
1073859930,Kan-Di-Ki Llc,Clinical Laboratory,6017014.09
1891573762,Damanhuri,Nurse Practitioner,6015598.05
1376552745,Thummala,Hematology-Oncology,6012639.07
1356492482,Fahed,Medical Oncology,6012352.92
1699838979,Grossman,Medical Oncology,6009451.43
1407804578,Grow,Hematology-Oncology,6009436.85
1124071592,Martincic,Hematology-Oncology,5999651.89
1801903927,"New England Life Flight, Inc.",Ambulance Service Provider,5995201.20
1124237300,Wykoff,Ophthalmology,5994146.23
1639462476,"Amerimed Emergency Medical Services, Llc",Ambulance Service Provider,5993283.79
1316995699,Mathern,Medical Oncology,5992931.87
1881863363,Marballie,Nurse Practitioner,5988157.20
1215921549,"Acupath Laboratories, Inc.",Clinical Laboratory,5987247.97
1235233354,American Professional Ambulance Corp,Ambulance Service Provider,5984783.24
1073576922,Kumar,Hematology-Oncology,5979162.01
1053059220,"Centurion Surgery Center Of Jacksonville, Llc",Ambulatory Surgical Center,5979131.41
1235866278,Coastal Ambulance Llc,Ambulance Service Provider,5976244.41
1386196764,Advanced Surgical & Research Solutions Llc,Ambulatory Surgical Center,5975285.92
1467546242,Regional Paramedical Services Inc,Ambulance Service Provider,5974988.21
1528320918,Mcclain,Hematology-Oncology,5974825.25
1235240987,Greenwald,Medical Oncology,5973079.58
1952373656,Daggubati,Hematology,5972147.10
1184853129,Englander-Paschalis Ilios,Ophthalmology,5972035.52
1982670147,Doster,Hematology-Oncology,5969877.62
1245327493,"The Surgery Center Of Alta Bates Summit Medical Center, Llc",Ambulatory Surgical Center,5967047.00
1356548267,Fahim,Family Practice,5962367.45
1508070566,Dhoot,Ophthalmology,5958228.77
1942274535,Park,Ophthalmology,5955054.02
1508196742,Mehta,Family Practice,5952471.18
1700299138,Mcdaniel,Family Practice,5949736.37
1831182799,"Zion Eye Institute, Inc",Ambulatory Surgical Center,5948379.46
1730495250,Makarian,Hematology-Oncology,5947056.15
1922003763,Cross,Hematology-Oncology,5940654.88
1184732091,American Medical Response Ambulance Service Inc,Ambulance Service Provider,5936573.12
1437108842,Biotech X-Ray Inc,Portable X-Ray Supplier,5935021.58
1588866818,Miller,Ophthalmology,5931987.88
1801103643,Nasir,Hematology-Oncology,5928098.28
1346467354,International Medical Laboratory,Clinical Laboratory,5928005.73
1356659957,Cameron,Nurse Practitioner,5924331.94
1760486005,Mcgarry,Hematology-Oncology,5916240.76
1255193140,Hh Health System - Emergency Medical Services Llc,Ambulance Service Provider,5912922.09
1649967704,Smith,Nurse Practitioner,5911961.99
1083659866,Orthopaedic Surgery Center Of San Antonio Lp,Ambulatory Surgical Center,5907606.57
1912115023,Abraham,Diagnostic Radiology,5905951.60
1609465269,Oklahoma Spine Surgery Center,Ambulatory Surgical Center,5905778.74
1205171295,Vance Thompson Vision Surgery Center Prof Llc,Ambulatory Surgical Center,5904960.25
1770518490,American Medical Response Ambulance Service Inc,Ambulance Service Provider,5903710.65
1932586427,Acutis Diagnostics Inc,Clinical Laboratory,5898141.29
1437596855,Inova Health Care Services,Clinical Laboratory,5891315.86
1417693011,Velazquez,Nurse Practitioner,5890499.82
1164484572,Fort Sutter Surgery Center A California Limited Partnership,Ambulatory Surgical Center,5881035.93
1497273841,Lurie,Nurse Practitioner,5873913.76
1548368509,Brown,Ophthalmology,5871582.59
1104560945,"Labcorp Oklahoma, Inc.",Clinical Laboratory,5870275.32
1851525406,Jacob,Hematology-Oncology,5863865.96
1013998913,"Caremark, L.L.C.",Pharmacy,5861004.18
1891084513,Mener,Hematology,5860316.13
